ID,Title
0,Science Humor
1,ECOLOGISTES DU MONDE
2,Eco-Sustainable Grassroots
3,Global Youth Biodiversity Network (The Gambia Chapter )
4,Nature'sü¶âüêãSpecies
5,"Energy Engineering,Economics, Efficiency & Conservation Practitioners(E4CP)"
6,Solar Energy: Green Advocates for Renewable Energy
7,#Greta #Thunberg SUPPORT group
8,#YouGoGreta
9,CLIMATE CRISIS - DO AS GRETA THUNBERG DOES AND NOT WHAT PARENTS TELL YOU!
10,Climate Rebellion Group
11,Fridays For Future Greta Thunberg #Climatestrike #FFF
12,Green Soldiers
13,The Greta Effect
14,The Greta Thunberg Effect
15,Warriors for Earth
16,ZOMBIE ROADS Protests
17,100 Givers Climate Solutions
18,Champions of the Planet
19,Climate Change is Real & Action is Needed
20,"Climate Conversations, Coaching & Action"
21,Climate Crisis and Plastic Pollution Action
22,Climate Solutions Project
23,Global TEAM for CLIMATE ACTION
24,Look After The Earth
25,Peter Kalmus ~ Being the Change ~ Climate
26,Project Drawdown
27,Project Drawdown Africa Region
28,SAVE THE WORLD
29,Solutions for Climate Change Network - SCCN
30,Your Planet Saving Ideas
31,Artists and Climate Change
32,Green Roofs for Healthy Cities
33,Fund our environmental scientists and SAVE THE PLANET!!! ASAP!
34,Writers for a Sustainable Future ( Eco-Fiction )
35,Eco-Minded Club: Green solutions
36,Green Mile Community
37,Healthy Living & Going Green
38,CLIMATE ACTION: Contact My Local Official
39,NonProfit Resources
40,Vegetarians/Vegans of East Texas
41,How to Raise Monarch Butterflies
42,Pollinator Friendly Yards
43,SAVE THE BEES
44,Climate Action in Sudan CAS
45,DC Climate Reality Chapter
46,Denver Metro Chapter of Climate Reality Project
47,Fridays for Future - UK
48,Glover Park Eco Squad
49,Green Neighbors - DC
50,Greening Nigeria
51,Island Innovation üå¥
52,Pakistan Sustainable Development Forum (PSDF)
53,The North County Climate Change Alliance Forum
54,National Park Service (Fan Page)
55,Climate Change-Global Warming Info
56,Environmental and Climate News......
57,Global Environ News
58,Voice of Environment (VoE)
59,Climate Alert
60,Climate Beacons Network
61,"Climate Change: Adaptation, Mitigation, Resilience"
62,"CLIMATE, OVERSHOOT, BIODIVERSITY. mitigation and adaptation"
63,Connect4Climate
64,Environmental Science Students Group - International Professors Project
65,Environmentalists
66,Gaia
67,GREENER MINDS
68,Passion for Purpose - NO PLANET B
69,PLANET SAVERS INTERNATIONAL (PSI)
70,Rise for Climate
71,"Save The Earth, Our Home"
72,Team 54 Project International
73,Voice of Environment
74,Reduce Reuse Regrow Community
75,Scale Down
76,A World Without Plastic
77,Plastic = Pollution
78,Plastic Crisis Alliance Group
79,Plastic Free Group
80,Plastic Is Rubbish
81,Plastic Pause Fortnight
82,Plastic Pollution: Grassroots Uprising
83,Plastic-Less Living
84,Answers In Climate Science
85,Climate Change Science
86,Creating a Sustainable Future
87,GreenPage
88,Renewable Energy & Sustainability &Climate change
89,SUSTAIN AFRICA
90,Sustainability Clubs
91,Sustainable & Sustainability Supporters - UN SDG - ESG - CSR - Climate
92,Sustainable Development Goalsüå∏
